{
  "model": "llama",
  "accuracy": 0.976401179941003,
  "f1_weighted": 0.9765268053396453,
  "f1_macro": 0.9748525724957625,
  "per_class": {
    "negative": {
      "precision": 0.9777777777777777,
      "recall": 0.9777777777777777,
      "f1": 0.9777777777777777
    },
    "neutral": {
      "precision": 0.995049504950495,
      "recall": 0.9663461538461539,
      "f1": 0.9804878048780488
    },
    "positive": {
      "precision": 0.9347826086956522,
      "recall": 1.0,
      "f1": 0.9662921348314607
    }
  },
  "confusion_matrix": [
    [
      44,
      1,
      0
    ],
    [
      1,
      201,
      6
    ],
    [
      0,
      0,
      86
    ]
  ],
  "n_samples": 339
}