{
  "model": "finbert",
  "accuracy": 0.976401179941003,
  "f1_weighted": 0.9764849136392346,
  "f1_macro": 0.9669087164108113,
  "per_class": {
    "negative": {
      "precision": 0.9183673469387755,
      "recall": 1.0,
      "f1": 0.9574468085106383
    },
    "neutral": {
      "precision": 0.9951456310679612,
      "recall": 0.9855769230769231,
      "f1": 0.9903381642512077
    },
    "positive": {
      "precision": 0.9642857142857143,
      "recall": 0.9418604651162791,
      "f1": 0.9529411764705882
    }
  },
  "confusion_matrix": [
    [
      45,
      0,
      0
    ],
    [
      0,
      205,
      3
    ],
    [
      4,
      1,
      81
    ]
  ],
  "n_samples": 339
}