{
  "model": "distilbert_finetuned",
  "accuracy": 0.9616519174041298,
  "f1_weighted": 0.9613093233338169,
  "f1_macro": 0.9495325632766392,
  "per_class": {
    "negative": {
      "precision": 0.9534883720930233,
      "recall": 0.9111111111111111,
      "f1": 0.9318181818181818
    },
    "neutral": {
      "precision": 0.9626168224299065,
      "recall": 0.9903846153846154,
      "f1": 0.976303317535545
    },
    "positive": {
      "precision": 0.9634146341463414,
      "recall": 0.9186046511627907,
      "f1": 0.9404761904761905
    }
  },
  "confusion_matrix": [
    [
      41,
      3,
      1
    ],
    [
      0,
      206,
      2
    ],
    [
      2,
      5,
      79
    ]
  ],
  "n_samples": 339
}