{
  "model": "vader",
  "accuracy": 0.5663716814159292,
  "f1_weighted": 0.5684716477035422,
  "f1_macro": 0.4743395940241159,
  "per_class": {
    "negative": {
      "precision": 0.4,
      "recall": 0.17777777777777778,
      "f1": 0.24615384615384617
    },
    "neutral": {
      "precision": 0.7866666666666666,
      "recall": 0.5673076923076923,
      "f1": 0.659217877094972
    },
    "positive": {
      "precision": 0.3905325443786982,
      "recall": 0.7674418604651163,
      "f1": 0.5176470588235295
    }
  },
  "confusion_matrix": [
    [
      8,
      17,
      20
    ],
    [
      7,
      118,
      83
    ],
    [
      5,
      15,
      66
    ]
  ],
  "n_samples": 339
}